datetime,temperature,humidity,location
2023-01-01T00:00:00,562,866,kgqcG
2023-01-01T00:01:00,365,367,GIPhq
2023-01-01T00:02:00,340,274,fheFo
2023-01-01T00:03:00,861,77,tOtwY
2023-01-01T00:04:00,82,857,fAFAT
2023-01-01T00:05:00,67,814,DxMKm
2023-01-01T00:06:00,180,972,EwUGZ
2023-01-01T00:07:00,131,868,RTrgZ
2023-01-01T00:08:00,503,807,hnViX
2023-01-01T00:09:00,371,688,OtnzJ
2023-01-01T00:10:00,565,946,fFBri
2023-01-01T00:11:00,50,568,cITyY
2023-01-01T00:12:00,176,822,wrutz
2023-01-01T00:13:00,974,208,knezi
2023-01-01T00:14:00,142,613,BwSuE
2023-01-01T00:15:00,215,939,oFsTq
2023-01-01T00:16:00,883,842,QBdaH
2023-01-01T00:17:00,364,538,DjHXV
2023-01-01T00:18:00,17,270,DplZW
2023-01-01T00:19:00,116,349,REClR
2023-01-01T00:20:00,503,540,jOqCz
2023-01-01T00:21:00,917,323,AVTgn
2023-01-01T00:22:00,685,91,VsZjz
2023-01-01T00:23:00,531,497,DPIJD
2023-01-01T00:24:00,399,978,YDjvf
2023-01-01T00:25:00,508,373,tbGuh
2023-01-01T00:26:00,122,969,RjwyG
2023-01-01T00:27:00,888,589,IqQUC
2023-01-01T00:28:00,877,607,YkLPT
2023-01-01T00:29:00,812,633,rVAmn
2023-01-01T00:30:00,70,110,dnfcc
2023-01-01T00:31:00,63,18,eEnXV
2023-01-01T00:32:00,959,491,EaHJN
2023-01-01T00:33:00,208,392,wFiEE
2023-01-01T00:34:00,675,460,eVTiy
2023-01-01T00:35:00,371,875,qzLSs
2023-01-01T00:36:00,840,388,fDSaV
2023-01-01T00:37:00,877,734,DKVcC
2023-01-01T00:38:00,210,369,cVxaC
2023-01-01T00:39:00,751,752,VOYHH
2023-01-01T00:40:00,294,980,TjRiQ
2023-01-01T00:41:00,396,65,GlaED
2023-01-01T00:42:00,989,725,EWKiu
2023-01-01T00:43:00,10,970,xGiwq
2023-01-01T00:44:00,943,59,ACSfP
2023-01-01T00:45:00,63,541,MoNEe
2023-01-01T00:46:00,851,608,xMkMT
2023-01-01T00:47:00,411,114,WjZKm
2023-01-01T00:48:00,62,37,LxGLX
2023-01-01T00:49:00,231,480,etHWn
2023-01-01T00:50:00,654,250,qaJzd
2023-01-01T00:51:00,408,965,hPPFX
2023-01-01T00:52:00,657,940,LEqMo
2023-01-01T00:53:00,472,492,WgjMp
2023-01-01T00:54:00,877,820,WIkqk
2023-01-01T00:55:00,840,642,DqdqQ
2023-01-01T00:56:00,139,885,lCBRb
2023-01-01T00:57:00,306,190,Fkmva
2023-01-01T00:58:00,129,773,FqTju
2023-01-01T00:59:00,938,253,qGdYb
2023-01-01T01:00:00,355,858,lmxJb
2023-01-01T01:01:00,566,364,CEbUH
2023-01-01T01:02:00,337,689,WhTxN
2023-01-01T01:03:00,587,188,UYHZT
2023-01-01T01:04:00,217,10,dQUKk
2023-01-01T01:05:00,802,990,aKesd
2023-01-01T01:06:00,112,44,bSMiU
2023-01-01T01:07:00,800,717,ETSXK
2023-01-01T01:08:00,60,882,CaDUi
2023-01-01T01:09:00,917,738,hqEvH
2023-01-01T01:10:00,14,357,LohFX
2023-01-01T01:11:00,565,98,DKyAI
2023-01-01T01:12:00,502,661,szxgU
2023-01-01T01:13:00,237,826,tMbBb
2023-01-01T01:14:00,964,260,rZlfK
2023-01-01T01:15:00,956,496,TzcIv
2023-01-01T01:16:00,501,943,nPatv
2023-01-01T01:17:00,968,712,lkhce
2023-01-01T01:18:00,804,359,dvnyE
2023-01-01T01:19:00,31,63,whEPE
2023-01-01T01:20:00,208,836,ImgrX
2023-01-01T01:21:00,49,102,NEscn
2023-01-01T01:22:00,598,994,BFSSG
2023-01-01T01:23:00,326,938,IFXEd
2023-01-01T01:24:00,6,119,ooJij
2023-01-01T01:25:00,802,884,tiSfL
2023-01-01T01:26:00,605,960,YKVqG
2023-01-01T01:27:00,595,557,fykPj
2023-01-01T01:28:00,941,772,oLQQy
2023-01-01T01:29:00,56,120,nRyNl
2023-01-01T01:30:00,96,79,CxjPp
2023-01-01T01:31:00,604,198,Jqtnq
2023-01-01T01:32:00,928,712,Tteem
2023-01-01T01:33:00,945,130,xfAmN
2023-01-01T01:34:00,364,630,csVeX
2023-01-01T01:35:00,790,942,eNrFw
2023-01-01T01:36:00,213,120,BYPLh
2023-01-01T01:37:00,441,399,mVfpV
2023-01-01T01:38:00,223,686,pwFRt
2023-01-01T01:39:00,514,254,msKNV
2023-01-01T01:40:00,776,342,mzUsH
2023-01-01T01:41:00,462,841,OfEJq
2023-01-01T01:42:00,173,55,JdQyf
2023-01-01T01:43:00,655,147,YTORq
2023-01-01T01:44:00,402,784,OMCsV
2023-01-01T01:45:00,900,591,LktJy
2023-01-01T01:46:00,693,113,ibyGG
2023-01-01T01:47:00,25,697,BSsOx
2023-01-01T01:48:00,581,875,wOyic
2023-01-01T01:49:00,700,580,fMXJk
2023-01-01T01:50:00,421,169,VqXDV
2023-01-01T01:51:00,255,800,mHiDA
2023-01-01T01:52:00,434,787,lFruC
2023-01-01T01:53:00,673,100,pIZRG
2023-01-01T01:54:00,426,602,APWfw
2023-01-01T01:55:00,625,704,rVCOD
2023-01-01T01:56:00,930,538,cwBnL
2023-01-01T01:57:00,295,300,InYJH
2023-01-01T01:58:00,364,376,lyjmt
2023-01-01T01:59:00,826,384,TAQDF
2023-01-01T02:00:00,911,539,nDZSx
2023-01-01T02:01:00,401,674,hfNrf
2023-01-01T02:02:00,954,289,nIJPE
2023-01-01T02:03:00,992,117,NFMEm
2023-01-01T02:04:00,916,972,iAERI
2023-01-01T02:05:00,425,51,IGlVC
2023-01-01T02:06:00,272,593,uoNaN
2023-01-01T02:07:00,956,62,dUAqP
2023-01-01T02:08:00,856,53,UfNnE
2023-01-01T02:09:00,764,381,SyFpK
2023-01-01T02:10:00,515,703,ISkcS
2023-01-01T02:11:00,952,994,UCLZm
2023-01-01T02:12:00,779,810,Tpvsu
2023-01-01T02:13:00,79,970,OiasF
2023-01-01T02:14:00,632,17,MoGoj
2023-01-01T02:15:00,349,16,RCVGC
2023-01-01T02:16:00,556,807,zKqvg
2023-01-01T02:17:00,465,755,HSwCA
2023-01-01T02:18:00,720,493,iFQbd
2023-01-01T02:19:00,633,493,vPnDZ
2023-01-01T02:20:00,875,658,cYEWT
2023-01-01T02:21:00,85,67,ulCrV
2023-01-01T02:22:00,229,279,CmfUu
2023-01-01T02:23:00,398,487,qAaYn
2023-01-01T02:24:00,972,574,jXSBp
2023-01-01T02:25:00,995,923,oLIac
2023-01-01T02:26:00,811,879,UcpJY
2023-01-01T02:27:00,860,417,qbQRt
2023-01-01T02:28:00,45,798,DeoYm
2023-01-01T02:29:00,869,223,jgiqs
2023-01-01T02:30:00,421,221,Cdzyq
2023-01-01T02:31:00,247,108,FyRYt
2023-01-01T02:32:00,168,382,hiMsk
2023-01-01T02:33:00,97,73,eeALX
2023-01-01T02:34:00,580,696,GeqHF
2023-01-01T02:35:00,932,658,WaikN
2023-01-01T02:36:00,61,871,ltzvM
2023-01-01T02:37:00,638,54,ZaJGM
2023-01-01T02:38:00,228,451,vckYT
2023-01-01T02:39:00,503,354,HTSDV
2023-01-01T02:40:00,448,354,tRQeS
2023-01-01T02:41:00,255,966,fTAoX
2023-01-01T02:42:00,572,745,tmjUB
2023-01-01T02:43:00,189,181,nAodD
2023-01-01T02:44:00,368,446,UXFEv
2023-01-01T02:45:00,865,765,ecNcq
2023-01-01T02:46:00,9,642,Pwmnf
2023-01-01T02:47:00,456,218,LjGpC
2023-01-01T02:48:00,831,377,svcos
2023-01-01T02:49:00,735,558,rRfZI
2023-01-01T02:50:00,644,708,gzSFC
2023-01-01T02:51:00,841,27,aDgTG
2023-01-01T02:52:00,272,869,rAxWj
2023-01-01T02:53:00,440,955,waWUa
2023-01-01T02:54:00,684,807,kajEg
2023-01-01T02:55:00,81,373,HrLio
2023-01-01T02:56:00,67,221,aAKwH
2023-01-01T02:57:00,488,813,DjMAA
2023-01-01T02:58:00,921,396,cusxO
2023-01-01T02:59:00,17,272,emryQ
2023-01-01T03:00:00,976,9,EeLEP
2023-01-01T03:01:00,988,109,sCEYJ
2023-01-01T03:02:00,608,73,QstfU
2023-01-01T03:03:00,120,51,hlDHr
2023-01-01T03:04:00,111,795,JaWkx
2023-01-01T03:05:00,224,361,SkzaR
2023-01-01T03:06:00,156,588,MvoKu
2023-01-01T03:07:00,657,272,gmHeW
2023-01-01T03:08:00,951,56,wKmog
2023-01-01T03:09:00,279,843,AEMhS
2023-01-01T03:10:00,813,203,kNKca
2023-01-01T03:11:00,690,202,PnCkG
2023-01-01T03:12:00,753,575,RHwgv
2023-01-01T03:13:00,576,156,wFnCF
2023-01-01T03:14:00,266,802,nczZz
2023-01-01T03:15:00,452,321,CTNUx
2023-01-01T03:16:00,321,558,cjWwI
2023-01-01T03:17:00,179,52,XoWEI
2023-01-01T03:18:00,508,760,tOtLh
2023-01-01T03:19:00,953,720,WtAxd
2023-01-01T03:20:00,143,625,IWhRQ
2023-01-01T03:21:00,23,537,yBtsI
2023-01-01T03:22:00,242,186,zUHku
2023-01-01T03:23:00,508,363,fsfPg
2023-01-01T03:24:00,889,8,qTmhT
2023-01-01T03:25:00,211,941,JOfnu
2023-01-01T03:26:00,146,944,TptQc
2023-01-01T03:27:00,699,977,IVmXo
2023-01-01T03:28:00,109,788,LmeMr
2023-01-01T03:29:00,631,956,vvhCe
2023-01-01T03:30:00,602,854,WvzPF
2023-01-01T03:31:00,277,917,Xoaby
2023-01-01T03:32:00,104,793,mLDAp
2023-01-01T03:33:00,410,692,dWiYU
2023-01-01T03:34:00,339,508,AUGse
2023-01-01T03:35:00,180,332,VXcAV
2023-01-01T03:36:00,397,408,iRzXl
2023-01-01T03:37:00,952,731,OZavp
2023-01-01T03:38:00,685,370,TpJht
2023-01-01T03:39:00,523,517,cFMUa
2023-01-01T03:40:00,184,244,mHVqZ
2023-01-01T03:41:00,487,246,ljqkr
2023-01-01T03:42:00,647,933,xLubi
2023-01-01T03:43:00,781,796,sYCDJ
2023-01-01T03:44:00,95,937,zHhPz
2023-01-01T03:45:00,8,419,FbrjX
2023-01-01T03:46:00,205,974,jPhZP
2023-01-01T03:47:00,46,706,dqDYa
2023-01-01T03:48:00,369,701,dpmEI
2023-01-01T03:49:00,288,555,ZtWzW
2023-01-01T03:50:00,101,375,LDenC
2023-01-01T03:51:00,326,289,ndnoL
2023-01-01T03:52:00,596,796,vFSin
2023-01-01T03:53:00,436,448,UyYPp
2023-01-01T03:54:00,567,899,HRjAk
2023-01-01T03:55:00,315,293,SBHNL
2023-01-01T03:56:00,415,394,UpDLW
2023-01-01T03:57:00,445,585,eFqJb
2023-01-01T03:58:00,530,934,wvmkn
2023-01-01T03:59:00,697,543,oCRIS
2023-01-01T04:00:00,192,857,ZIsAX
2023-01-01T04:01:00,241,725,LcMXr
2023-01-01T04:02:00,530,900,GKFfk
2023-01-01T04:03:00,366,329,gqDwb
2023-01-01T04:04:00,628,293,uKmLo
2023-01-01T04:05:00,590,843,YOQRV
2023-01-01T04:06:00,670,638,rGjue
2023-01-01T04:07:00,426,677,Qfhwt
2023-01-01T04:08:00,737,491,teUnX
2023-01-01T04:09:00,962,625,zNNGo
2023-01-01T04:10:00,743,509,lHFUx
2023-01-01T04:11:00,92,956,cCuSv
2023-01-01T04:12:00,109,163,rExRi
2023-01-01T04:13:00,339,1,TrJoZ
2023-01-01T04:14:00,69,234,jUxdc
2023-01-01T04:15:00,534,668,whUpJ
2023-01-01T04:16:00,905,425,hkqiT
2023-01-01T04:17:00,695,778,wjnxc
2023-01-01T04:18:00,513,45,wPMRf
2023-01-01T04:19:00,658,194,HkkQD
2023-01-01T04:20:00,923,574,VGgWp
2023-01-01T04:21:00,287,413,gyvbg
2023-01-01T04:22:00,451,855,KzgFr
2023-01-01T04:23:00,968,933,mbujw
2023-01-01T04:24:00,197,53,SrPjU
2023-01-01T04:25:00,558,402,GkPRx
2023-01-01T04:26:00,626,982,GbwtR
2023-01-01T04:27:00,433,744,GVNgm
2023-01-01T04:28:00,664,415,wTvBz
2023-01-01T04:29:00,76,170,ALHhE
2023-01-01T04:30:00,662,615,hbEmp
2023-01-01T04:31:00,196,465,YStMZ
2023-01-01T04:32:00,147,966,YxAzY
2023-01-01T04:33:00,784,783,lDWoK
2023-01-01T04:34:00,470,767,OugsQ
2023-01-01T04:35:00,901,327,XzuHc
2023-01-01T04:36:00,211,207,hBcxH
2023-01-01T04:37:00,873,783,RwnJo
2023-01-01T04:38:00,613,35,UsOUc
2023-01-01T04:39:00,880,301,aYhoa
2023-01-01T04:40:00,540,501,emplX
2023-01-01T04:41:00,486,866,BiuCy
2023-01-01T04:42:00,710,428,zTtxl
2023-01-01T04:43:00,684,606,tpsok
2023-01-01T04:44:00,960,566,qpXNC
2023-01-01T04:45:00,610,730,YbjNZ
2023-01-01T04:46:00,51,505,mnQUv
2023-01-01T04:47:00,759,150,XgDKL
2023-01-01T04:48:00,208,993,iTBLd
2023-01-01T04:49:00,669,374,jYHdJ
2023-01-01T04:50:00,131,796,jcJhx
2023-01-01T04:51:00,655,420,jeXxp
2023-01-01T04:52:00,527,708,qEgTg
2023-01-01T04:53:00,630,519,ZfyaV
2023-01-01T04:54:00,469,880,gqEXX
2023-01-01T04:55:00,740,882,nzGGG
2023-01-01T04:56:00,348,327,mkBLG
2023-01-01T04:57:00,19,474,tuFPv
2023-01-01T04:58:00,627,698,HuphC
2023-01-01T04:59:00,173,759,nXzgR
2023-01-01T05:00:00,350,200,aULqy
2023-01-01T05:01:00,581,443,pxPzt
2023-01-01T05:02:00,516,997,INcRC
2023-01-01T05:03:00,92,463,GPeBO
2023-01-01T05:04:00,134,934,haQGP
2023-01-01T05:05:00,267,662,eysYN
2023-01-01T05:06:00,979,708,ZxAae
2023-01-01T05:07:00,735,823,eiphQ
2023-01-01T05:08:00,545,820,IjWqI
2023-01-01T05:09:00,573,840,oXYst
2023-01-01T05:10:00,509,190,pSHeX
2023-01-01T05:11:00,465,429,xylUs
2023-01-01T05:12:00,86,163,YgGKy
2023-01-01T05:13:00,237,423,rOJPg
2023-01-01T05:14:00,62,70,lqzaG
2023-01-01T05:15:00,359,43,EIXZW
2023-01-01T05:16:00,500,446,igpBc
2023-01-01T05:17:00,841,714,FlwXs
2023-01-01T05:18:00,17,419,IGbEP
2023-01-01T05:19:00,166,102,xBJiI
2023-01-01T05:20:00,4,305,jUyWk
2023-01-01T05:21:00,902,123,rYeRh
2023-01-01T05:22:00,72,786,vyHKj
2023-01-01T05:23:00,42,185,XOQNF
2023-01-01T05:24:00,171,970,aNHMh
2023-01-01T05:25:00,197,993,uawXs
2023-01-01T05:26:00,783,497,mIGPK
2023-01-01T05:27:00,998,308,Jmolk
2023-01-01T05:28:00,559,609,laZoA
2023-01-01T05:29:00,80,488,aCmMF
2023-01-01T05:30:00,40,264,hooHQ
2023-01-01T05:31:00,645,985,ELXWI
2023-01-01T05:32:00,140,833,cwQsr
2023-01-01T05:33:00,228,986,STylQ
2023-01-01T05:34:00,252,293,cARrF
2023-01-01T05:35:00,481,507,Rdupv
2023-01-01T05:36:00,581,825,TBZml
2023-01-01T05:37:00,119,104,nBeiy
2023-01-01T05:38:00,533,591,vCzLw
2023-01-01T05:39:00,396,544,yxOAW
2023-01-01T05:40:00,893,496,aQzrq
2023-01-01T05:41:00,475,997,dMyWA
2023-01-01T05:42:00,596,923,gmaMK
2023-01-01T05:43:00,78,159,pQaLf
2023-01-01T05:44:00,325,673,ApftC
2023-01-01T05:45:00,656,872,TEFqI
2023-01-01T05:46:00,684,815,EUMWB
2023-01-01T05:47:00,436,373,BEimQ
2023-01-01T05:48:00,538,334,WlaSa
2023-01-01T05:49:00,277,939,GMMSD
2023-01-01T05:50:00,846,659,sQrwj
2023-01-01T05:51:00,858,132,VzqUu
2023-01-01T05:52:00,262,168,BNLUg
2023-01-01T05:53:00,88,283,wBSdz
2023-01-01T05:54:00,209,381,ruUyI
2023-01-01T05:55:00,212,397,NnmAw
2023-01-01T05:56:00,190,990,uNvGQ
2023-01-01T05:57:00,850,106,wfyNa
2023-01-01T05:58:00,94,518,aXTUO
2023-01-01T05:59:00,597,16,ARppS
2023-01-01T06:00:00,523,35,QzeXf
2023-01-01T06:01:00,345,744,PXvCp
2023-01-01T06:02:00,262,831,lPhYl
2023-01-01T06:03:00,775,224,mBaZU
2023-01-01T06:04:00,649,170,HovYH
2023-01-01T06:05:00,569,857,fjVeR
2023-01-01T06:06:00,481,112,rcwEc
2023-01-01T06:07:00,449,869,JjjtP
2023-01-01T06:08:00,87,206,uwkvk
2023-01-01T06:09:00,944,228,ZnPZi
2023-01-01T06:10:00,126,492,Uswiu
2023-01-01T06:11:00,916,706,nFBwM
2023-01-01T06:12:00,694,99,vjKwQ
2023-01-01T06:13:00,913,257,ElEQF
2023-01-01T06:14:00,558,214,fKgUI
2023-01-01T06:15:00,5,638,EqZFe
2023-01-01T06:16:00,189,115,oagxK
2023-01-01T06:17:00,868,201,VnJIf
2023-01-01T06:18:00,329,87,IAxXA
2023-01-01T06:19:00,802,402,MuZXD
2023-01-01T06:20:00,969,133,SbRRj
2023-01-01T06:21:00,244,283,awpNC
2023-01-01T06:22:00,260,361,TohdO
2023-01-01T06:23:00,861,872,amIqk
2023-01-01T06:24:00,125,493,IVAEp
2023-01-01T06:25:00,530,999,MwCbB
2023-01-01T06:26:00,765,83,wKQak
2023-01-01T06:27:00,797,36,vGfdx
2023-01-01T06:28:00,387,692,xXnnv
2023-01-01T06:29:00,111,963,TGAKR
2023-01-01T06:30:00,419,382,MOfaH
2023-01-01T06:31:00,942,735,aGDWd
2023-01-01T06:32:00,202,878,beOiH
2023-01-01T06:33:00,224,373,qKDwd
2023-01-01T06:34:00,100,764,aovgr
2023-01-01T06:35:00,842,195,dnWsm
2023-01-01T06:36:00,779,786,WWFMp
2023-01-01T06:37:00,212,136,lVjjq
2023-01-01T06:38:00,483,955,UmseN
2023-01-01T06:39:00,560,750,ETawJ
2023-01-01T06:40:00,451,358,iFSgY
2023-01-01T06:41:00,972,615,ZcUnm
2023-01-01T06:42:00,412,796,oPROb
2023-01-01T06:43:00,564,435,TUKCc
2023-01-01T06:44:00,200,435,fIeIw
2023-01-01T06:45:00,371,768,iUsqY
2023-01-01T06:46:00,52,314,qWpHy
2023-01-01T06:47:00,242,793,YCifv
2023-01-01T06:48:00,311,764,LllJk
2023-01-01T06:49:00,658,797,YAxIK
2023-01-01T06:50:00,452,428,vWwjq
2023-01-01T06:51:00,523,29,WwOeP
2023-01-01T06:52:00,671,947,AgGWS
2023-01-01T06:53:00,300,88,nDlDx
2023-01-01T06:54:00,836,788,Miycd
2023-01-01T06:55:00,425,952,NaBYy
2023-01-01T06:56:00,585,857,szbUC
2023-01-01T06:57:00,620,17,yHFkC
2023-01-01T06:58:00,905,183,CfkEx
2023-01-01T06:59:00,82,625,oEGlm
2023-01-01T07:00:00,223,572,TsILw
2023-01-01T07:01:00,19,73,iGvbe
2023-01-01T07:02:00,103,464,WYwby
2023-01-01T07:03:00,814,480,gBJjC
2023-01-01T07:04:00,487,896,rgQhF
2023-01-01T07:05:00,887,76,LnrtM
2023-01-01T07:06:00,835,725,PMFcV
2023-01-01T07:07:00,601,1,JAXkq
2023-01-01T07:08:00,64,173,rkusc
2023-01-01T07:09:00,340,232,gQROj
2023-01-01T07:10:00,259,942,xCmQE
2023-01-01T07:11:00,383,37,CDwMo
2023-01-01T07:12:00,220,534,gNOCK
2023-01-01T07:13:00,319,290,WmCuK
2023-01-01T07:14:00,10,944,fBtIS
2023-01-01T07:15:00,842,302,kSfdM
2023-01-01T07:16:00,350,718,AWhAo
2023-01-01T07:17:00,227,166,Fcxsy
2023-01-01T07:18:00,862,491,JxsdG
2023-01-01T07:19:00,619,492,tcKbe
2023-01-01T07:20:00,785,238,SEhMe
2023-01-01T07:21:00,834,348,zotwP
2023-01-01T07:22:00,586,956,gZfoB
2023-01-01T07:23:00,674,531,RRPMT
2023-01-01T07:24:00,247,326,dnReT
2023-01-01T07:25:00,187,757,ZBDHH
2023-01-01T07:26:00,402,248,RuERc
2023-01-01T07:27:00,118,858,hxToh
2023-01-01T07:28:00,10,504,jipGD
2023-01-01T07:29:00,276,90,oWMar
2023-01-01T07:30:00,66,130,cVSYP
2023-01-01T07:31:00,106,860,LEtsD
2023-01-01T07:32:00,587,241,lIvqT
2023-01-01T07:33:00,611,151,qUYqn
2023-01-01T07:34:00,872,399,JUbdB
2023-01-01T07:35:00,579,166,wcrgQ
2023-01-01T07:36:00,597,517,rUolE
2023-01-01T07:37:00,287,650,ePaiS
2023-01-01T07:38:00,957,933,SuCuW
2023-01-01T07:39:00,351,276,uxBGt
2023-01-01T07:40:00,661,174,IcCjO
2023-01-01T07:41:00,662,775,ywCQE
2023-01-01T07:42:00,509,92,KHRng
2023-01-01T07:43:00,561,292,ODtxa
2023-01-01T07:44:00,899,137,IoLMh
2023-01-01T07:45:00,619,233,oGgUl
2023-01-01T07:46:00,193,463,YljfK
2023-01-01T07:47:00,370,928,YBtwB
2023-01-01T07:48:00,193,941,ZsHit
2023-01-01T07:49:00,938,692,DPWwG
2023-01-01T07:50:00,266,458,yEssm
2023-01-01T07:51:00,706,663,NdxxN
2023-01-01T07:52:00,958,548,qUQoJ
2023-01-01T07:53:00,387,963,XvWwL
2023-01-01T07:54:00,148,569,UBnJg
2023-01-01T07:55:00,544,672,OqXpo
2023-01-01T07:56:00,721,773,BAvVv
2023-01-01T07:57:00,742,746,IdEHY
2023-01-01T07:58:00,26,192,mRxiY
2023-01-01T07:59:00,973,180,KVXen
2023-01-01T08:00:00,698,1,BhMJC
2023-01-01T08:01:00,791,955,WTkyl
2023-01-01T08:02:00,309,438,ZBWHL
2023-01-01T08:03:00,855,542,liFbs
2023-01-01T08:04:00,737,578,gzUBQ
2023-01-01T08:05:00,454,671,lWQSt
2023-01-01T08:06:00,930,758,IBlgH
2023-01-01T08:07:00,357,848,XRsWE
2023-01-01T08:08:00,411,715,yTPKz
2023-01-01T08:09:00,29,877,MybaM
2023-01-01T08:10:00,797,882,WEwma
2023-01-01T08:11:00,454,838,upjKb
2023-01-01T08:12:00,370,892,KqVpM
2023-01-01T08:13:00,122,518,twApW
2023-01-01T08:14:00,765,679,dIdvu
2023-01-01T08:15:00,337,498,KwyFo
2023-01-01T08:16:00,204,163,fJAMd
2023-01-01T08:17:00,66,344,xSynt
2023-01-01T08:18:00,767,544,tFgfx
2023-01-01T08:19:00,303,288,CJsbp
2023-01-01T08:20:00,967,654,aKQfs
2023-01-01T08:21:00,489,792,IiYfz
2023-01-01T08:22:00,441,434,cjEPJ
2023-01-01T08:23:00,359,344,jOxOA
2023-01-01T08:24:00,603,468,RvnFO
2023-01-01T08:25:00,328,530,fEjsg
2023-01-01T08:26:00,963,607,cpPAr
2023-01-01T08:27:00,945,85,wATQN
2023-01-01T08:28:00,641,172,dTXNR
2023-01-01T08:29:00,979,481,npgyK
2023-01-01T08:30:00,173,135,SuLgJ
2023-01-01T08:31:00,611,158,VnBCr
2023-01-01T08:32:00,181,261,uHEZw
2023-01-01T08:33:00,828,341,DtAdA
2023-01-01T08:34:00,584,388,HjHzQ
2023-01-01T08:35:00,912,366,KIUIX
2023-01-01T08:36:00,230,262,eoAnk
2023-01-01T08:37:00,687,11,MNAyY
2023-01-01T08:38:00,834,694,XhTxU
2023-01-01T08:39:00,546,492,ZfZoJ
2023-01-01T08:40:00,89,807,pPWtf
2023-01-01T08:41:00,653,861,wNKRr
2023-01-01T08:42:00,778,190,dMkCm
2023-01-01T08:43:00,722,225,cpouo
2023-01-01T08:44:00,786,506,iLHiK
2023-01-01T08:45:00,891,279,YeTih
2023-01-01T08:46:00,493,310,jwFyT
2023-01-01T08:47:00,645,720,snenm
2023-01-01T08:48:00,663,238,jTNut
2023-01-01T08:49:00,631,166,NsKDO
2023-01-01T08:50:00,799,505,BVQhY
2023-01-01T08:51:00,640,726,PCmWv
2023-01-01T08:52:00,265,658,hxlkA
2023-01-01T08:53:00,341,425,JMaTw
2023-01-01T08:54:00,532,580,aniDg
2023-01-01T08:55:00,496,128,dVPdZ
2023-01-01T08:56:00,731,256,cgpkq
2023-01-01T08:57:00,704,106,UFiSz
2023-01-01T08:58:00,347,651,qbPkl
2023-01-01T08:59:00,719,902,KNsvm
2023-01-01T09:00:00,318,513,GpYbv
2023-01-01T09:01:00,576,321,AjJbE
2023-01-01T09:02:00,963,46,dsbIZ
2023-01-01T09:03:00,248,44,qQspI
2023-01-01T09:04:00,508,777,cMKnE
2023-01-01T09:05:00,689,254,bnBNz
2023-01-01T09:06:00,599,386,HmLPT
2023-01-01T09:07:00,789,836,dXOgC
2023-01-01T09:08:00,677,214,jzlTz
2023-01-01T09:09:00,591,887,pruHd
2023-01-01T09:10:00,65,908,VTSuN
2023-01-01T09:11:00,754,119,XcSIz
2023-01-01T09:12:00,303,705,VAlKi
2023-01-01T09:13:00,226,419,mNmmQ
2023-01-01T09:14:00,660,383,Mevkz
2023-01-01T09:15:00,785,948,AFEjF
2023-01-01T09:16:00,993,959,PXAJM
2023-01-01T09:17:00,491,955,wnOtf
2023-01-01T09:18:00,576,842,fsJMM
2023-01-01T09:19:00,583,743,vLWku
2023-01-01T09:20:00,692,64,EdOQu
2023-01-01T09:21:00,647,193,dmBcv
2023-01-01T09:22:00,17,387,BvwBT
2023-01-01T09:23:00,366,499,txCAr
2023-01-01T09:24:00,914,889,MzPRb
2023-01-01T09:25:00,41,296,UPUJy
2023-01-01T09:26:00,536,73,pjAhJ
2023-01-01T09:27:00,874,629,qCSgY
2023-01-01T09:28:00,804,992,wPbVC
2023-01-01T09:29:00,415,962,EtZsB
2023-01-01T09:30:00,124,460,EFGsp
2023-01-01T09:31:00,199,121,ChHZl
2023-01-01T09:32:00,194,921,pVkdN
2023-01-01T09:33:00,180,208,vhRHp
2023-01-01T09:34:00,702,415,cTXjz
2023-01-01T09:35:00,932,982,vtxyQ
2023-01-01T09:36:00,199,683,YJpLq
2023-01-01T09:37:00,330,109,TxaPj
2023-01-01T09:38:00,460,765,IMQnZ
2023-01-01T09:39:00,408,30,JSVor
2023-01-01T09:40:00,602,17,kOlzq
2023-01-01T09:41:00,27,837,uAMAQ
2023-01-01T09:42:00,418,470,uZpTV
2023-01-01T09:43:00,30,106,vLyVR
2023-01-01T09:44:00,658,376,YRkAF
2023-01-01T09:45:00,933,839,GNNhf
2023-01-01T09:46:00,247,107,gkOKP
2023-01-01T09:47:00,294,531,FmMJs
2023-01-01T09:48:00,106,811,FKYzI
2023-01-01T09:49:00,979,395,nkOWW
2023-01-01T09:50:00,959,515,QFIjG
2023-01-01T09:51:00,679,727,jYJsr
2023-01-01T09:52:00,778,544,FBdFp
2023-01-01T09:53:00,275,676,xclxu
2023-01-01T09:54:00,414,268,NmNJX
2023-01-01T09:55:00,454,529,XvWMN
2023-01-01T09:56:00,600,400,eiXcv
2023-01-01T09:57:00,357,311,jNmrD
2023-01-01T09:58:00,277,307,faZie
2023-01-01T09:59:00,98,698,ltPVb
2023-01-01T10:00:00,19,186,rZRdU
2023-01-01T10:01:00,695,614,wdagQ
2023-01-01T10:02:00,583,929,gUjHV
2023-01-01T10:03:00,928,440,FCLtp
2023-01-01T10:04:00,993,977,QlsbE
2023-01-01T10:05:00,660,172,tmqgb
2023-01-01T10:06:00,939,441,hDmyr
2023-01-01T10:07:00,668,590,FzFEf
2023-01-01T10:08:00,973,849,VvMuL
2023-01-01T10:09:00,694,65,NHiTl
2023-01-01T10:10:00,369,863,xEQRR
2023-01-01T10:11:00,658,938,SeyhG
2023-01-01T10:12:00,288,293,MRbVL
2023-01-01T10:13:00,38,208,aJvao
2023-01-01T10:14:00,127,742,uRfVj
2023-01-01T10:15:00,516,315,TSExU
2023-01-01T10:16:00,28,672,FoyyT
2023-01-01T10:17:00,256,55,IGjHm
2023-01-01T10:18:00,328,982,NBnUV
2023-01-01T10:19:00,380,847,LCDMS
2023-01-01T10:20:00,250,433,BDhoR
2023-01-01T10:21:00,619,14,EuSqZ
2023-01-01T10:22:00,70,43,phVmO
2023-01-01T10:23:00,162,586,gnLWL
2023-01-01T10:24:00,241,235,BiPOs
2023-01-01T10:25:00,103,145,jFaPC
2023-01-01T10:26:00,82,336,nGTJx
2023-01-01T10:27:00,51,375,bQHud
2023-01-01T10:28:00,63,884,wsAzC
2023-01-01T10:29:00,709,309,ZacAv
2023-01-01T10:30:00,310,957,cyQca
2023-01-01T10:31:00,228,517,RlcKf
2023-01-01T10:32:00,359,278,cbxrq
2023-01-01T10:33:00,296,766,tPLLM
2023-01-01T10:34:00,516,381,MrGjq
2023-01-01T10:35:00,756,550,YkXTa
2023-01-01T10:36:00,876,68,CWXaH
2023-01-01T10:37:00,7,800,hpHFf
2023-01-01T10:38:00,22,949,WYHxd
2023-01-01T10:39:00,759,327,fyaXM
2023-01-01T10:40:00,188,242,gDERY
2023-01-01T10:41:00,238,701,fgQDq
2023-01-01T10:42:00,523,205,JgiUB
2023-01-01T10:43:00,986,685,QIDDo
2023-01-01T10:44:00,278,897,hhULX
2023-01-01T10:45:00,636,442,QzBsC
2023-01-01T10:46:00,199,955,XsQka
2023-01-01T10:47:00,498,145,oNWsI
2023-01-01T10:48:00,339,396,QxOjh
2023-01-01T10:49:00,924,845,leqqA
2023-01-01T10:50:00,313,842,DIxGg
2023-01-01T10:51:00,679,16,BTvsS
2023-01-01T10:52:00,120,637,MVwoI
2023-01-01T10:53:00,669,439,WjqrY
2023-01-01T10:54:00,866,658,cHFGL
2023-01-01T10:55:00,127,520,MdrMb
2023-01-01T10:56:00,440,587,qQNmL
2023-01-01T10:57:00,839,406,abGiX
2023-01-01T10:58:00,79,124,JsZvx
2023-01-01T10:59:00,120,141,HmKfQ
2023-01-01T11:00:00,148,271,VgFjp
2023-01-01T11:01:00,589,870,tZYwP
2023-01-01T11:02:00,818,37,qReDp
2023-01-01T11:03:00,25,859,HJeDZ
2023-01-01T11:04:00,121,31,JgNOP
2023-01-01T11:05:00,506,357,bXFhj
2023-01-01T11:06:00,428,445,azIFP
2023-01-01T11:07:00,239,312,ydKjB
2023-01-01T11:08:00,870,399,zCrig
2023-01-01T11:09:00,508,782,eksfr
2023-01-01T11:10:00,712,72,wrxVI
2023-01-01T11:11:00,656,680,izJct
2023-01-01T11:12:00,972,603,XHWhE
2023-01-01T11:13:00,264,136,pyqqa
2023-01-01T11:14:00,897,83,trbiy
2023-01-01T11:15:00,588,979,nOUqu
2023-01-01T11:16:00,400,573,nNtBl
2023-01-01T11:17:00,201,993,TvuSh
2023-01-01T11:18:00,595,636,SPGWM
2023-01-01T11:19:00,738,542,AoiKY
2023-01-01T11:20:00,466,225,IIxDR
2023-01-01T11:21:00,773,556,GEbfx
2023-01-01T11:22:00,170,574,QtCaw
2023-01-01T11:23:00,541,790,WqHhv
2023-01-01T11:24:00,68,298,jmUpN
2023-01-01T11:25:00,702,584,FLobQ
2023-01-01T11:26:00,659,393,mNjjb
2023-01-01T11:27:00,259,151,kgIjR
2023-01-01T11:28:00,619,414,qgBue
2023-01-01T11:29:00,233,687,WuFpj
2023-01-01T11:30:00,399,778,dVbJa
2023-01-01T11:31:00,422,883,WRzZs
2023-01-01T11:32:00,401,155,aROuK
2023-01-01T11:33:00,662,893,Wtijb
2023-01-01T11:34:00,390,963,gBWhL
2023-01-01T11:35:00,486,960,Zrcgi
2023-01-01T11:36:00,454,402,VPRrO
2023-01-01T11:37:00,230,244,SWAzE
2023-01-01T11:38:00,103,629,VTbSc
2023-01-01T11:39:00,773,892,JIoMS
2023-01-01T11:40:00,34,650,ThcqQ
2023-01-01T11:41:00,637,536,BBNvI
2023-01-01T11:42:00,793,110,qnDXZ
2023-01-01T11:43:00,233,617,jhddy
2023-01-01T11:44:00,202,303,qcBSf
2023-01-01T11:45:00,553,707,UkfYL
2023-01-01T11:46:00,505,273,OkqkH
2023-01-01T11:47:00,338,389,HVcgz
2023-01-01T11:48:00,610,615,TnkUw
2023-01-01T11:49:00,584,588,emotn
2023-01-01T11:50:00,88,106,lWdPN
2023-01-01T11:51:00,471,809,gUXWe
2023-01-01T11:52:00,663,839,AGfdg
2023-01-01T11:53:00,399,889,DyBYV
2023-01-01T11:54:00,661,109,rOsJn
2023-01-01T11:55:00,344,816,YkKSZ
2023-01-01T11:56:00,88,169,YOLIu
2023-01-01T11:57:00,463,331,YxgSp
2023-01-01T11:58:00,676,556,wipFN
2023-01-01T11:59:00,847,867,mQcde
2023-01-01T12:00:00,986,135,LwdvG
2023-01-01T12:01:00,412,959,MPipr
2023-01-01T12:02:00,934,761,AXBmF
2023-01-01T12:03:00,500,728,zNFih
2023-01-01T12:04:00,348,152,qJtfQ
2023-01-01T12:05:00,176,130,pRGwD
2023-01-01T12:06:00,205,604,xutPr
2023-01-01T12:07:00,138,825,YBgZG
2023-01-01T12:08:00,0,461,dHQha
2023-01-01T12:09:00,320,559,jzMus
2023-01-01T12:10:00,300,350,RCvdj
2023-01-01T12:11:00,245,914,MazwI
2023-01-01T12:12:00,932,267,USaSj
2023-01-01T12:13:00,750,607,oaBxG
2023-01-01T12:14:00,188,930,gwYBu
2023-01-01T12:15:00,357,38,odeBS
2023-01-01T12:16:00,470,184,NrhlS
2023-01-01T12:17:00,432,937,GlbUt
2023-01-01T12:18:00,677,355,sByXm
2023-01-01T12:19:00,554,324,rJsbX
2023-01-01T12:20:00,425,804,ullpz
2023-01-01T12:21:00,20,692,FJMWh
2023-01-01T12:22:00,988,293,HjMop
2023-01-01T12:23:00,756,791,jvBee
2023-01-01T12:24:00,485,361,frypb
2023-01-01T12:25:00,332,830,IvfqF
2023-01-01T12:26:00,952,39,phBZs
2023-01-01T12:27:00,806,997,FXyKl
2023-01-01T12:28:00,346,430,NxBra
2023-01-01T12:29:00,847,179,uuKkr
2023-01-01T12:30:00,163,709,luTfb
2023-01-01T12:31:00,265,93,grneA
2023-01-01T12:32:00,464,488,EfAaQ
2023-01-01T12:33:00,128,350,IDald
2023-01-01T12:34:00,784,553,Bmjkg
2023-01-01T12:35:00,642,293,eXxuW
2023-01-01T12:36:00,840,993,UfLpE
2023-01-01T12:37:00,670,246,VMyew
2023-01-01T12:38:00,305,923,xdJKK
2023-01-01T12:39:00,870,69,KHkPd
2023-01-01T12:40:00,694,667,eRhcV
2023-01-01T12:41:00,54,146,yTHfx
2023-01-01T12:42:00,862,454,ZNlVL
2023-01-01T12:43:00,703,216,WKCTo
2023-01-01T12:44:00,587,892,voffC
2023-01-01T12:45:00,721,770,mXHMK
2023-01-01T12:46:00,152,771,KuHXd
2023-01-01T12:47:00,223,169,gbctE
2023-01-01T12:48:00,568,176,YFKhn
2023-01-01T12:49:00,874,899,CFvwe
2023-01-01T12:50:00,966,226,mOMtd
2023-01-01T12:51:00,894,692,PnRIt
2023-01-01T12:52:00,161,635,zvAku
2023-01-01T12:53:00,867,313,AFNrr
2023-01-01T12:54:00,895,60,dqBDM
2023-01-01T12:55:00,45,557,WNmhw
2023-01-01T12:56:00,973,795,LauZA
2023-01-01T12:57:00,513,143,WREDs
2023-01-01T12:58:00,522,127,AISlM
2023-01-01T12:59:00,848,310,wUyif
2023-01-01T13:00:00,993,160,xetdf
2023-01-01T13:01:00,60,854,YdqVj
2023-01-01T13:02:00,33,262,JSoKE
2023-01-01T13:03:00,938,698,hIrPj
2023-01-01T13:04:00,236,6,xURAO
2023-01-01T13:05:00,570,932,UqqwN
2023-01-01T13:06:00,787,708,ZoTSL
2023-01-01T13:07:00,180,905,xKLOg
2023-01-01T13:08:00,347,788,AHDpY
2023-01-01T13:09:00,693,566,bQJCT
2023-01-01T13:10:00,141,450,bmzze
2023-01-01T13:11:00,186,101,qIMWF
2023-01-01T13:12:00,608,180,iJiTK
2023-01-01T13:13:00,388,765,XcrYU
2023-01-01T13:14:00,896,326,PuVoY
2023-01-01T13:15:00,721,153,NYpnH
2023-01-01T13:16:00,963,963,PFMIN
2023-01-01T13:17:00,366,774,gKgnF
2023-01-01T13:18:00,305,489,axBzX
2023-01-01T13:19:00,164,222,zgtju
2023-01-01T13:20:00,876,887,ZNJYe
2023-01-01T13:21:00,248,474,FCfRq
2023-01-01T13:22:00,433,819,tVqWG
2023-01-01T13:23:00,148,17,WAWPN
2023-01-01T13:24:00,344,803,eBtnw
2023-01-01T13:25:00,472,454,moesb
2023-01-01T13:26:00,555,40,QHZZE
2023-01-01T13:27:00,246,653,cLcOr
2023-01-01T13:28:00,802,593,jYssz
2023-01-01T13:29:00,766,932,doMUJ
2023-01-01T13:30:00,647,180,OCAKj
2023-01-01T13:31:00,878,656,LZtxg
2023-01-01T13:32:00,728,415,Maasm
2023-01-01T13:33:00,259,453,qHTac
2023-01-01T13:34:00,634,702,QknUc
2023-01-01T13:35:00,570,211,RnFKN
2023-01-01T13:36:00,335,97,eMYUz
2023-01-01T13:37:00,234,955,ghtPw
2023-01-01T13:38:00,633,948,BpZIE
2023-01-01T13:39:00,611,699,akJHj
2023-01-01T13:40:00,681,961,nBKmQ
2023-01-01T13:41:00,700,798,MWOQV
2023-01-01T13:42:00,576,543,MhNkL
2023-01-01T13:43:00,439,221,qOEeh
2023-01-01T13:44:00,723,38,KyJOi
2023-01-01T13:45:00,473,547,eGvAK
2023-01-01T13:46:00,291,384,IGmvU
2023-01-01T13:47:00,710,714,VeFYD
2023-01-01T13:48:00,742,906,cjBVA
2023-01-01T13:49:00,332,304,AjXUe
2023-01-01T13:50:00,364,65,qFcKh
2023-01-01T13:51:00,525,258,TSzEq
2023-01-01T13:52:00,739,248,GOVXl
2023-01-01T13:53:00,627,723,lbnwu
2023-01-01T13:54:00,793,604,KVqbJ
2023-01-01T13:55:00,622,637,hDZCi
2023-01-01T13:56:00,396,848,KwDeH
2023-01-01T13:57:00,886,571,llNrQ
2023-01-01T13:58:00,98,735,Eejwz
2023-01-01T13:59:00,776,570,RqobM
2023-01-01T14:00:00,383,566,WtdOR
2023-01-01T14:01:00,152,282,ferJK
2023-01-01T14:02:00,365,146,VGzYO
2023-01-01T14:03:00,306,966,MjunZ
2023-01-01T14:04:00,157,212,opExh
2023-01-01T14:05:00,711,726,FAWlL
2023-01-01T14:06:00,724,743,hlfvG
2023-01-01T14:07:00,79,959,DIXdB
2023-01-01T14:08:00,711,620,TvFVF
2023-01-01T14:09:00,236,98,NRhIe
2023-01-01T14:10:00,430,606,CMQiv
2023-01-01T14:11:00,194,759,hyynq
2023-01-01T14:12:00,805,857,LpSAO
2023-01-01T14:13:00,361,626,CmpBS
2023-01-01T14:14:00,325,67,aNJXv
2023-01-01T14:15:00,270,928,eTKyD
2023-01-01T14:16:00,453,934,orHFT
2023-01-01T14:17:00,235,527,VspQd
2023-01-01T14:18:00,960,832,fyThU
2023-01-01T14:19:00,898,254,JDTNR
2023-01-01T14:20:00,23,644,cNAiQ
2023-01-01T14:21:00,3,257,Epiqn
2023-01-01T14:22:00,450,829,qKQrs
2023-01-01T14:23:00,105,755,DqENF
2023-01-01T14:24:00,490,834,DSSSd
2023-01-01T14:25:00,263,845,IfWPk
2023-01-01T14:26:00,427,406,ITNWV
2023-01-01T14:27:00,17,671,emhSp
2023-01-01T14:28:00,730,287,yAuNz
2023-01-01T14:29:00,79,825,vMYKi
2023-01-01T14:30:00,936,611,SfshS
2023-01-01T14:31:00,765,849,URqMK
2023-01-01T14:32:00,853,296,KVgBN
2023-01-01T14:33:00,156,416,blWUj
2023-01-01T14:34:00,388,817,qVKHh
2023-01-01T14:35:00,362,862,bcfRC
2023-01-01T14:36:00,304,737,RgBrg
2023-01-01T14:37:00,120,590,KvcGq
2023-01-01T14:38:00,312,728,JayIO
2023-01-01T14:39:00,205,22,ihIpR
2023-01-01T14:40:00,473,368,VrIoP
2023-01-01T14:41:00,548,518,coRko
2023-01-01T14:42:00,701,271,xNQkj
2023-01-01T14:43:00,248,499,uZutf
2023-01-01T14:44:00,3,749,gFVjy
2023-01-01T14:45:00,852,820,nmTIO
2023-01-01T14:46:00,534,317,IgGQm
2023-01-01T14:47:00,276,82,goJsi
2023-01-01T14:48:00,977,75,JMnvh
2023-01-01T14:49:00,424,182,iWwza
2023-01-01T14:50:00,274,271,rVPhL
2023-01-01T14:51:00,106,705,DDjAF
2023-01-01T14:52:00,712,196,KGNJN
2023-01-01T14:53:00,518,510,rceKM
2023-01-01T14:54:00,987,54,wVDmo
2023-01-01T14:55:00,842,820,FehcT
2023-01-01T14:56:00,349,564,CzFDg
2023-01-01T14:57:00,676,910,EfDkA
2023-01-01T14:58:00,323,619,GhlJX
2023-01-01T14:59:00,528,195,WheJm
2023-01-01T15:00:00,681,84,mUXWH
2023-01-01T15:01:00,765,355,ddrPJ
2023-01-01T15:02:00,325,380,qwmhP
2023-01-01T15:03:00,535,340,EqGTD
2023-01-01T15:04:00,177,749,McLhN
2023-01-01T15:05:00,102,621,HWJfd
2023-01-01T15:06:00,693,122,lEuon
2023-01-01T15:07:00,121,708,oZzBU
2023-01-01T15:08:00,863,39,aOOxh
2023-01-01T15:09:00,677,581,hEjtl
2023-01-01T15:10:00,963,602,kAhMr
2023-01-01T15:11:00,291,449,cXSOV
2023-01-01T15:12:00,910,265,ujAqm
2023-01-01T15:13:00,397,404,ypQYi
2023-01-01T15:14:00,942,272,TjYjS
2023-01-01T15:15:00,775,856,AJgJQ
2023-01-01T15:16:00,842,132,agkwS
2023-01-01T15:17:00,726,477,UXDEO
2023-01-01T15:18:00,182,455,RcVxU
2023-01-01T15:19:00,813,950,qnybX
2023-01-01T15:20:00,276,0,Psosy
2023-01-01T15:21:00,812,358,GPijj
2023-01-01T15:22:00,8,859,pEUIV
2023-01-01T15:23:00,284,282,TQABh
2023-01-01T15:24:00,229,408,gSXKb
2023-01-01T15:25:00,679,809,yCBlx
2023-01-01T15:26:00,592,467,wUnoj
2023-01-01T15:27:00,529,438,mQFSa
2023-01-01T15:28:00,54,126,rhUmw
2023-01-01T15:29:00,314,93,RZXty
2023-01-01T15:30:00,978,577,CwgrU
2023-01-01T15:31:00,924,291,tVTlF
2023-01-01T15:32:00,706,222,qqiCG
2023-01-01T15:33:00,721,613,lJEdj
2023-01-01T15:34:00,269,796,hcqRH
2023-01-01T15:35:00,19,912,EkYWk
2023-01-01T15:36:00,68,990,PAjme
2023-01-01T15:37:00,634,41,SRLjk
2023-01-01T15:38:00,610,939,CwzlR
2023-01-01T15:39:00,176,156,xAHiq
2023-01-01T15:40:00,513,50,Rhagf
2023-01-01T15:41:00,549,253,jVwIY
2023-01-01T15:42:00,107,864,xmybu
2023-01-01T15:43:00,312,775,EVbiY
2023-01-01T15:44:00,0,43,plMHT
2023-01-01T15:45:00,642,888,vkLbm
2023-01-01T15:46:00,682,246,kwoTO
2023-01-01T15:47:00,271,400,BEEmp
2023-01-01T15:48:00,434,54,FlRHR
2023-01-01T15:49:00,691,838,vFORM
2023-01-01T15:50:00,400,514,uVARE
2023-01-01T15:51:00,816,422,ueQAy
2023-01-01T15:52:00,69,620,KoVMt
2023-01-01T15:53:00,511,323,FpwOE
2023-01-01T15:54:00,49,678,hoWAU
2023-01-01T15:55:00,72,205,nlUVG
2023-01-01T15:56:00,32,894,XyqYS
2023-01-01T15:57:00,0,158,ZWKnx
2023-01-01T15:58:00,248,273,sIajJ
2023-01-01T15:59:00,622,795,FrLPe
2023-01-01T16:00:00,0,270,FXGRu
2023-01-01T16:01:00,384,498,lAudb
2023-01-01T16:02:00,624,0,lIoOr
2023-01-01T16:03:00,495,71,eIuIv
2023-01-01T16:04:00,169,288,IuFhe
2023-01-01T16:05:00,341,410,dqBFC
2023-01-01T16:06:00,981,723,mZnrr
2023-01-01T16:07:00,624,720,FyXoK
2023-01-01T16:08:00,78,693,xAwvs
2023-01-01T16:09:00,344,316,RhmzA
2023-01-01T16:10:00,194,209,WzoJn
2023-01-01T16:11:00,838,532,KwFvX
2023-01-01T16:12:00,823,626,faLjJ
2023-01-01T16:13:00,359,860,OQFtu
2023-01-01T16:14:00,68,854,LWoOe
2023-01-01T16:15:00,317,627,ONeOm
2023-01-01T16:16:00,965,373,unqZX
2023-01-01T16:17:00,674,956,rWScW
2023-01-01T16:18:00,44,349,Ehwkr
2023-01-01T16:19:00,706,991,RWYJe
2023-01-01T16:20:00,284,858,VEDaA
2023-01-01T16:21:00,258,194,egpTz
2023-01-01T16:22:00,664,850,mJbPw
2023-01-01T16:23:00,186,72,jsamr
2023-01-01T16:24:00,930,160,lYOWG
2023-01-01T16:25:00,427,558,vJuyh
2023-01-01T16:26:00,148,21,SKVtn
2023-01-01T16:27:00,366,384,nqWnN
2023-01-01T16:28:00,468,569,zOICd
2023-01-01T16:29:00,317,300,vveMs
2023-01-01T16:30:00,782,33,OoJxn
2023-01-01T16:31:00,618,896,lZsld
2023-01-01T16:32:00,697,312,VVbPU
2023-01-01T16:33:00,624,586,jersA
2023-01-01T16:34:00,898,369,NISWH
2023-01-01T16:35:00,500,840,Hvnhk
2023-01-01T16:36:00,786,329,SOQRt
2023-01-01T16:37:00,920,733,mOMTq
2023-01-01T16:38:00,12,274,twMnO
2023-01-01T16:39:00,113,126,tDhHT
2023-01-01T16:40:00,156,728,FUJZy
2023-01-01T16:41:00,492,281,guHiz
2023-01-01T16:42:00,552,243,GLmMq
2023-01-01T16:43:00,317,440,yJBbT
2023-01-01T16:44:00,512,184,lNDOS
2023-01-01T16:45:00,750,20,NboUK
2023-01-01T16:46:00,675,576,xyTWA
2023-01-01T16:47:00,98,814,jUTVE
2023-01-01T16:48:00,500,907,kRjpF
2023-01-01T16:49:00,714,83,MvCVl
2023-01-01T16:50:00,997,352,VrSkm
2023-01-01T16:51:00,524,194,npywI
2023-01-01T16:52:00,485,674,Jzfqb
2023-01-01T16:53:00,548,220,pCRUM
2023-01-01T16:54:00,728,56,tBVKm
2023-01-01T16:55:00,676,396,NfPhg
2023-01-01T16:56:00,213,317,ohTFe
2023-01-01T16:57:00,954,156,GtZGK
2023-01-01T16:58:00,580,200,HcHUL
2023-01-01T16:59:00,432,669,Xejqd
2023-01-01T17:00:00,139,818,lNrVR
2023-01-01T17:01:00,625,371,BUyDT
2023-01-01T17:02:00,582,347,XbYvX
2023-01-01T17:03:00,619,18,WnjeV
2023-01-01T17:04:00,81,906,ofcKi
2023-01-01T17:05:00,857,124,GZyVz
2023-01-01T17:06:00,603,3,gVRkt
2023-01-01T17:07:00,10,889,yEKfv
2023-01-01T17:08:00,179,350,OgFvN
2023-01-01T17:09:00,483,517,hESjF
2023-01-01T17:10:00,346,500,nGrLh
2023-01-01T17:11:00,609,385,IVbFe
2023-01-01T17:12:00,874,969,ZLLez
2023-01-01T17:13:00,461,724,rBiUD
2023-01-01T17:14:00,439,942,XJuez
2023-01-01T17:15:00,756,232,CzoGs
2023-01-01T17:16:00,881,463,Lprwj
2023-01-01T17:17:00,758,956,geKhy
2023-01-01T17:18:00,896,903,QYkBM
2023-01-01T17:19:00,572,9,ZUzIj
2023-01-01T17:20:00,853,150,bgCgY
2023-01-01T17:21:00,470,82,CgwDa
2023-01-01T17:22:00,156,566,QrRGu
2023-01-01T17:23:00,851,503,trQmL
2023-01-01T17:24:00,92,538,QAovZ
2023-01-01T17:25:00,152,756,ICanV
2023-01-01T17:26:00,368,18,ZEXxm
2023-01-01T17:27:00,921,797,szmza
2023-01-01T17:28:00,334,357,jFVqp
2023-01-01T17:29:00,804,781,rOgGs
2023-01-01T17:30:00,307,606,TQVMC
2023-01-01T17:31:00,140,805,RtpSX
2023-01-01T17:32:00,961,896,cnSbu
2023-01-01T17:33:00,562,847,iqnzD
2023-01-01T17:34:00,356,48,xLuFo
2023-01-01T17:35:00,906,94,XYtsO
2023-01-01T17:36:00,594,572,OjGpB
2023-01-01T17:37:00,659,404,IvViv
2023-01-01T17:38:00,924,686,RtYQs
2023-01-01T17:39:00,985,846,NpyHT
2023-01-01T17:40:00,204,148,eirQj
2023-01-01T17:41:00,936,151,ZHfXU
2023-01-01T17:42:00,17,713,cUogD
2023-01-01T17:43:00,86,889,OdXfT
2023-01-01T17:44:00,597,454,EGfSI
2023-01-01T17:45:00,168,744,WzNTV
2023-01-01T17:46:00,237,877,IYnCY
2023-01-01T17:47:00,332,140,IRLmM
2023-01-01T17:48:00,663,801,vFSVU
2023-01-01T17:49:00,470,189,Zncrj
2023-01-01T17:50:00,973,756,pQVnY
2023-01-01T17:51:00,820,552,HuukM
2023-01-01T17:52:00,540,563,NtiXe
2023-01-01T17:53:00,588,491,eYTEX
2023-01-01T17:54:00,895,220,cnIHu
2023-01-01T17:55:00,104,646,VWubG
2023-01-01T17:56:00,895,230,yKunE
2023-01-01T17:57:00,903,111,WaWzv
2023-01-01T17:58:00,538,6,INTCm
2023-01-01T17:59:00,461,794,WmlFa
2023-01-01T18:00:00,745,138,FSytR
2023-01-01T18:01:00,615,296,tTwMC
2023-01-01T18:02:00,673,936,agToN
2023-01-01T18:03:00,747,724,rZNUy
2023-01-01T18:04:00,384,107,YxeWJ
2023-01-01T18:05:00,284,207,LpVzg
2023-01-01T18:06:00,720,787,nhuTf
2023-01-01T18:07:00,365,518,vKTnx
2023-01-01T18:08:00,953,602,jiCEL
2023-01-01T18:09:00,224,946,hvVfc
2023-01-01T18:10:00,546,595,DAAnA
2023-01-01T18:11:00,432,673,gMlal
2023-01-01T18:12:00,992,553,TVKLI
2023-01-01T18:13:00,553,905,KscMl
2023-01-01T18:14:00,550,58,skIMc
2023-01-01T18:15:00,352,88,VLgbD
2023-01-01T18:16:00,933,386,YWJWq
2023-01-01T18:17:00,123,667,UpBBr
2023-01-01T18:18:00,395,237,rxmtG
2023-01-01T18:19:00,799,305,gmOYk
2023-01-01T18:20:00,848,200,BeBGq
2023-01-01T18:21:00,197,377,huGgv
2023-01-01T18:22:00,878,962,izbGW
2023-01-01T18:23:00,813,542,DnqNs
2023-01-01T18:24:00,676,122,nLhMI
2023-01-01T18:25:00,150,526,VzgoB
2023-01-01T18:26:00,961,455,JyWNJ
2023-01-01T18:27:00,808,117,abqIn
2023-01-01T18:28:00,756,517,eZWEr
2023-01-01T18:29:00,22,582,AMbmA
2023-01-01T18:30:00,420,230,UEnXq
2023-01-01T18:31:00,130,376,VCNOJ
2023-01-01T18:32:00,779,633,hNUkN
2023-01-01T18:33:00,282,363,KSLEl
2023-01-01T18:34:00,359,684,Tigpu
2023-01-01T18:35:00,442,981,MKFfw
2023-01-01T18:36:00,341,8,Rnnuy
2023-01-01T18:37:00,658,522,HjPsd
2023-01-01T18:38:00,222,251,BXRDY
2023-01-01T18:39:00,437,134,wyqzD
2023-01-01T18:40:00,63,961,nYfmb
2023-01-01T18:41:00,483,273,EjKqn
2023-01-01T18:42:00,210,159,emhFJ
2023-01-01T18:43:00,139,363,YOdSY
2023-01-01T18:44:00,901,367,lzcxY
2023-01-01T18:45:00,519,204,FLnDB
2023-01-01T18:46:00,415,400,UwzWL
2023-01-01T18:47:00,297,756,ZWwdi
2023-01-01T18:48:00,441,102,WPrEd
2023-01-01T18:49:00,221,411,iEdOX
2023-01-01T18:50:00,387,249,ScxVp
2023-01-01T18:51:00,976,327,euAXa
2023-01-01T18:52:00,886,581,oyoAM
2023-01-01T18:53:00,674,986,nPJsv
2023-01-01T18:54:00,654,411,Oylbu
2023-01-01T18:55:00,897,242,EGwgy
2023-01-01T18:56:00,52,414,VAOuF
2023-01-01T18:57:00,798,64,YIIdq
2023-01-01T18:58:00,585,316,MNRRU
2023-01-01T18:59:00,539,987,YmNxl
2023-01-01T19:00:00,813,161,nVzzE
2023-01-01T19:01:00,794,19,muOiO
2023-01-01T19:02:00,167,799,OqzPv
2023-01-01T19:03:00,516,725,cLGYB
2023-01-01T19:04:00,230,396,Rnkos
2023-01-01T19:05:00,315,6,hlroh
2023-01-01T19:06:00,290,465,sEdxQ
2023-01-01T19:07:00,206,298,pTZwd
2023-01-01T19:08:00,750,610,VfkcR
2023-01-01T19:09:00,907,687,TQsvc
2023-01-01T19:10:00,195,863,CiZbL
2023-01-01T19:11:00,897,181,VXbWe
2023-01-01T19:12:00,696,133,WMoZX
2023-01-01T19:13:00,597,18,ejBDM
2023-01-01T19:14:00,28,903,YVIol
2023-01-01T19:15:00,779,958,nUWeD
2023-01-01T19:16:00,102,950,PnUMk
2023-01-01T19:17:00,865,710,hUFuT
2023-01-01T19:18:00,168,934,qKDFo
2023-01-01T19:19:00,502,35,aVxQj
2023-01-01T19:20:00,401,538,gNJeU
2023-01-01T19:21:00,730,578,MgxjA
2023-01-01T19:22:00,456,72,BIswN
2023-01-01T19:23:00,263,467,oAaps
2023-01-01T19:24:00,712,782,cPUXi
2023-01-01T19:25:00,814,204,KmVNB
2023-01-01T19:26:00,426,756,zaPBh
2023-01-01T19:27:00,944,750,DNseA
2023-01-01T19:28:00,462,291,zlaql
2023-01-01T19:29:00,899,981,rPqfA
2023-01-01T19:30:00,654,757,CIBFo
2023-01-01T19:31:00,374,866,qfoFr
2023-01-01T19:32:00,108,437,AbAeO
2023-01-01T19:33:00,294,174,wMXQG
2023-01-01T19:34:00,808,454,ERJkM
2023-01-01T19:35:00,573,550,ICoeD
2023-01-01T19:36:00,452,128,uPbyK
2023-01-01T19:37:00,177,71,LidHK
2023-01-01T19:38:00,497,225,ShooY
2023-01-01T19:39:00,46,793,dfGrw
2023-01-01T19:40:00,783,999,nwMQI
2023-01-01T19:41:00,628,112,stglO
2023-01-01T19:42:00,804,337,BanDC
2023-01-01T19:43:00,70,747,ZpDmd
2023-01-01T19:44:00,984,202,KOuCg
2023-01-01T19:45:00,968,87,nzKHi
2023-01-01T19:46:00,588,937,qJtPz
2023-01-01T19:47:00,416,429,BxvYz
2023-01-01T19:48:00,171,705,SzqDU
2023-01-01T19:49:00,581,571,POJWP
2023-01-01T19:50:00,107,331,pIiJq
2023-01-01T19:51:00,291,271,tNqDo
2023-01-01T19:52:00,198,491,RkmTu
2023-01-01T19:53:00,190,80,jCMvQ
2023-01-01T19:54:00,610,49,lMvob
2023-01-01T19:55:00,73,475,fNOPs
2023-01-01T19:56:00,529,489,GNJKN
2023-01-01T19:57:00,984,648,WBgsR
2023-01-01T19:58:00,751,713,YnKRA
2023-01-01T19:59:00,299,654,aZgjE
2023-01-01T20:00:00,980,649,hYSGa
2023-01-01T20:01:00,627,214,QejNm
2023-01-01T20:02:00,541,150,xJBqo
2023-01-01T20:03:00,635,684,OmqOf
2023-01-01T20:04:00,351,144,gptDf
2023-01-01T20:05:00,18,94,DBjnA
2023-01-01T20:06:00,460,51,LfiGn
2023-01-01T20:07:00,161,252,SVwwK
2023-01-01T20:08:00,675,145,jenop
2023-01-01T20:09:00,588,994,XSpOj
2023-01-01T20:10:00,834,868,ISVku
2023-01-01T20:11:00,463,571,eBrNe
2023-01-01T20:12:00,664,895,AbhcA
2023-01-01T20:13:00,759,63,vjanO
2023-01-01T20:14:00,392,572,awEwe
2023-01-01T20:15:00,33,361,cCGAE
2023-01-01T20:16:00,624,294,eFerK
2023-01-01T20:17:00,500,149,jPKbl
2023-01-01T20:18:00,242,537,PenOH
2023-01-01T20:19:00,86,844,ajPSQ
2023-01-01T20:20:00,834,831,qiMpX
2023-01-01T20:21:00,915,598,WnWfy
2023-01-01T20:22:00,759,991,ORCKi
2023-01-01T20:23:00,456,219,fRaEQ
2023-01-01T20:24:00,106,162,gcuzu
2023-01-01T20:25:00,562,834,dwqnx
2023-01-01T20:26:00,427,782,ofJsk
2023-01-01T20:27:00,730,393,BePsK
2023-01-01T20:28:00,535,888,tkflX
2023-01-01T20:29:00,321,809,rRLrV
2023-01-01T20:30:00,935,60,bqYrV
2023-01-01T20:31:00,49,675,snfYS
2023-01-01T20:32:00,66,918,QabGn
2023-01-01T20:33:00,902,892,wMKdR
2023-01-01T20:34:00,890,702,ekegH
2023-01-01T20:35:00,941,818,VZxJV
2023-01-01T20:36:00,121,439,uyPsx
2023-01-01T20:37:00,7,862,HJhIp
2023-01-01T20:38:00,636,537,WvCgG
2023-01-01T20:39:00,759,590,vXiAs
2023-01-01T20:40:00,209,27,rwpAO
2023-01-01T20:41:00,407,954,nIHOA
2023-01-01T20:42:00,310,59,ATFwU
2023-01-01T20:43:00,145,664,RFlgV
2023-01-01T20:44:00,424,438,qwbuY
2023-01-01T20:45:00,858,323,hAzcK
2023-01-01T20:46:00,534,577,EtUHd
2023-01-01T20:47:00,230,47,ZXlLy
2023-01-01T20:48:00,976,178,Jwqgz
2023-01-01T20:49:00,742,36,mOWzG
2023-01-01T20:50:00,504,864,HbrNh
2023-01-01T20:51:00,97,175,HltIT
2023-01-01T20:52:00,699,168,IjUAr
2023-01-01T20:53:00,410,291,focVW
2023-01-01T20:54:00,997,142,noeEg
2023-01-01T20:55:00,212,34,xmvVy
2023-01-01T20:56:00,879,204,mtfjK
2023-01-01T20:57:00,745,103,rQgpE
2023-01-01T20:58:00,560,84,yadho
2023-01-01T20:59:00,446,870,xKrLt
2023-01-01T21:00:00,205,28,biABJ
2023-01-01T21:01:00,14,668,udNSD
2023-01-01T21:02:00,891,912,xCsUA
2023-01-01T21:03:00,580,926,DhvpS
2023-01-01T21:04:00,781,141,gZswA
2023-01-01T21:05:00,644,907,kmFWW
2023-01-01T21:06:00,800,575,dUZMb
2023-01-01T21:07:00,407,894,ZZWUJ
2023-01-01T21:08:00,402,349,hZfzT
2023-01-01T21:09:00,665,790,ScYKx
2023-01-01T21:10:00,50,284,ERfQF
2023-01-01T21:11:00,293,224,IUGdH
2023-01-01T21:12:00,921,241,daltT
2023-01-01T21:13:00,97,828,IFCFC
2023-01-01T21:14:00,251,448,Uwgya
2023-01-01T21:15:00,386,245,RqIIq
2023-01-01T21:16:00,878,739,lvwqN
2023-01-01T21:17:00,193,843,DpbQY
2023-01-01T21:18:00,472,206,jKAWZ
2023-01-01T21:19:00,396,230,YKVkU
2023-01-01T21:20:00,173,592,eONCh
2023-01-01T21:21:00,768,208,KbmFi
2023-01-01T21:22:00,886,628,zpPON
2023-01-01T21:23:00,578,623,axbnd
2023-01-01T21:24:00,548,334,dZIZl
2023-01-01T21:25:00,666,319,ayZSU
2023-01-01T21:26:00,487,41,VncbB
2023-01-01T21:27:00,651,293,qjbeh
2023-01-01T21:28:00,355,842,vYMib
2023-01-01T21:29:00,52,857,UoaHA
2023-01-01T21:30:00,299,420,cBfxJ
2023-01-01T21:31:00,692,264,vFDTQ
2023-01-01T21:32:00,946,132,VTWfa
2023-01-01T21:33:00,789,566,YVGGC
2023-01-01T21:34:00,17,461,Argpo
2023-01-01T21:35:00,906,303,oTOiI
2023-01-01T21:36:00,355,229,aVeDg
2023-01-01T21:37:00,12,425,xUTDt
2023-01-01T21:38:00,503,680,fObEc
2023-01-01T21:39:00,541,928,fJbTm
2023-01-01T21:40:00,724,675,gpsqe
2023-01-01T21:41:00,924,519,IjOdf
2023-01-01T21:42:00,717,173,wiYAD
2023-01-01T21:43:00,262,87,cPQVn
2023-01-01T21:44:00,395,757,HCUxa
2023-01-01T21:45:00,737,361,LDpxh
2023-01-01T21:46:00,569,104,oTmOz
2023-01-01T21:47:00,988,517,zaOEx
2023-01-01T21:48:00,178,395,jsIOR
2023-01-01T21:49:00,277,557,NwJdQ
2023-01-01T21:50:00,572,750,BuXsO
2023-01-01T21:51:00,861,893,pJcUl
2023-01-01T21:52:00,71,977,EhLvw
2023-01-01T21:53:00,896,932,PhRin
2023-01-01T21:54:00,868,488,kBWdb
2023-01-01T21:55:00,463,206,WBAnW
2023-01-01T21:56:00,457,543,nQgzU
2023-01-01T21:57:00,16,858,KAOlI
2023-01-01T21:58:00,531,417,pMZIb
2023-01-01T21:59:00,894,314,SrPvD
2023-01-01T22:00:00,354,879,hcNwq
2023-01-01T22:01:00,749,364,RUtdf
2023-01-01T22:02:00,988,962,RNYQi
2023-01-01T22:03:00,678,39,BucPu
2023-01-01T22:04:00,541,151,FZrXM
2023-01-01T22:05:00,546,587,YFXRw
2023-01-01T22:06:00,832,185,pzQQV
2023-01-01T22:07:00,103,13,DVZgk
2023-01-01T22:08:00,442,757,dhyeL
2023-01-01T22:09:00,506,386,xcOsS
2023-01-01T22:10:00,18,924,cmybv
2023-01-01T22:11:00,733,259,yuBFm
2023-01-01T22:12:00,427,318,Mdvtp
2023-01-01T22:13:00,444,851,wraLH
2023-01-01T22:14:00,52,279,sWKJL
2023-01-01T22:15:00,436,0,HfzHB
2023-01-01T22:16:00,269,532,cqOIq
2023-01-01T22:17:00,154,152,FfXMp
2023-01-01T22:18:00,721,268,aEKaU
2023-01-01T22:19:00,438,780,LIIdQ
2023-01-01T22:20:00,355,574,rBLOe
2023-01-01T22:21:00,809,585,guEnL
2023-01-01T22:22:00,394,618,QmmJH
2023-01-01T22:23:00,870,919,cCflx
2023-01-01T22:24:00,808,204,YHhjf
2023-01-01T22:25:00,664,230,bUwwV
2023-01-01T22:26:00,490,29,oRpci
2023-01-01T22:27:00,302,794,LsEGN
2023-01-01T22:28:00,365,380,gwVkl
2023-01-01T22:29:00,566,573,HDPIE
2023-01-01T22:30:00,314,286,hEYdP
2023-01-01T22:31:00,841,582,afizN
2023-01-01T22:32:00,229,341,hYneF
2023-01-01T22:33:00,846,677,Cbsvm
2023-01-01T22:34:00,855,207,dsYDs
2023-01-01T22:35:00,795,190,ThnAt
2023-01-01T22:36:00,565,289,CzMWA
2023-01-01T22:37:00,510,841,OZflE
2023-01-01T22:38:00,521,720,vfmkn
2023-01-01T22:39:00,90,317,VLJJn
2023-01-01T22:40:00,162,301,JvfSY
2023-01-01T22:41:00,930,365,ZyBrp
2023-01-01T22:42:00,402,600,eLtRW
2023-01-01T22:43:00,452,811,cSogm
2023-01-01T22:44:00,587,159,ZYTDZ
2023-01-01T22:45:00,187,482,EGvEt
2023-01-01T22:46:00,277,179,sdeaR
2023-01-01T22:47:00,83,517,MpNsL
2023-01-01T22:48:00,300,376,AABFC
2023-01-01T22:49:00,103,877,tkdlD
2023-01-01T22:50:00,71,631,CCqFL
2023-01-01T22:51:00,861,848,lyreK
2023-01-01T22:52:00,996,433,ykYTw
2023-01-01T22:53:00,198,542,wuOQy
2023-01-01T22:54:00,23,599,WFyJu
2023-01-01T22:55:00,736,889,qtgpX
2023-01-01T22:56:00,853,175,GeOIq
2023-01-01T22:57:00,522,297,qAPFn
2023-01-01T22:58:00,267,541,pjhLm
2023-01-01T22:59:00,605,811,FjLyc
2023-01-01T23:00:00,865,720,ThFCR
2023-01-01T23:01:00,137,316,zFRnk
2023-01-01T23:02:00,422,758,bUncW
2023-01-01T23:03:00,635,399,gTOCZ
2023-01-01T23:04:00,15,494,rrftb
2023-01-01T23:05:00,63,950,svzuo
2023-01-01T23:06:00,377,668,jFOyD
2023-01-01T23:07:00,607,236,DZzKn
2023-01-01T23:08:00,839,745,NBhVV
2023-01-01T23:09:00,359,631,alBEy
2023-01-01T23:10:00,899,348,MuTcm
2023-01-01T23:11:00,651,666,suAfi
2023-01-01T23:12:00,846,201,BTorn
2023-01-01T23:13:00,530,400,GhNqO
2023-01-01T23:14:00,651,435,pBBhZ
2023-01-01T23:15:00,700,824,KFBwW
2023-01-01T23:16:00,256,59,IkjSC
2023-01-01T23:17:00,515,908,wjcBr
2023-01-01T23:18:00,761,349,KKnwK
2023-01-01T23:19:00,353,58,YeQZt
2023-01-01T23:20:00,378,67,ADauZ
2023-01-01T23:21:00,674,780,PfpkA
2023-01-01T23:22:00,581,99,jsLZS
2023-01-01T23:23:00,449,739,ECkFU
2023-01-01T23:24:00,193,456,eZZNc
2023-01-01T23:25:00,928,802,Iwlhn
2023-01-01T23:26:00,335,937,ienYM
2023-01-01T23:27:00,601,232,YGfWK
2023-01-01T23:28:00,508,389,bmmkG
2023-01-01T23:29:00,488,441,suYkl
2023-01-01T23:30:00,541,276,bPKoy
2023-01-01T23:31:00,430,468,zeONh
2023-01-01T23:32:00,141,760,yCPgv
2023-01-01T23:33:00,100,636,uIITg
2023-01-01T23:34:00,280,527,aoiTE
2023-01-01T23:35:00,817,774,fZrdp
2023-01-01T23:36:00,561,7,gUVAg
2023-01-01T23:37:00,857,378,mddqD
2023-01-01T23:38:00,13,134,auAdA
2023-01-01T23:39:00,10,712,tkeli
2023-01-01T23:40:00,100,783,imTks
2023-01-01T23:41:00,872,169,KoXlh
2023-01-01T23:42:00,873,832,xtyIb
2023-01-01T23:43:00,984,98,IUMBY
2023-01-01T23:44:00,161,897,rgthW
2023-01-01T23:45:00,812,268,yDEzY
2023-01-01T23:46:00,469,470,kskUU
2023-01-01T23:47:00,294,244,mJoBp
2023-01-01T23:48:00,404,500,lKpcz
2023-01-01T23:49:00,121,683,ZHLcb
2023-01-01T23:50:00,928,909,WAMCo
2023-01-01T23:51:00,831,609,ibVpI
2023-01-01T23:52:00,358,292,wKPqp
2023-01-01T23:53:00,297,643,MdGHD
2023-01-01T23:54:00,741,190,zEpFk
2023-01-01T23:55:00,231,686,TMKsN
2023-01-01T23:56:00,970,608,qNUvV
2023-01-01T23:57:00,897,3,CvINc
2023-01-01T23:58:00,280,23,PSePe
2023-01-01T23:59:00,913,10,QZBvp
2023-01-02T00:00:00,1,138,uGshL
